recordingId,trackId,frame,trackLifetime,xCenter,yCenter,heading,width,length,xVelocity,yVelocity,xAcceleration,yAcceleration,lonVelocity,latVelocity,lonAcceleration,latAcceleration,traveledDistance,latLaneCenterOffset,laneWidth,laneletId,laneChange,lonLaneletPos,laneletLength,leadDHW,leadDV,leadTHW,leadTTC,leadId,rearId,leftLeadId,leftRearId,leftAlongsideId,rightLeadId,rightRearId,rightAlongsideId,odrRoadId,odrSectionNo,odrLaneId,originalTrackId
88,0,0,0,350.7096,-214.3163,354.2647,2.4188,6.0926,23.8467,-2.3951,1.1327,0.7517,23.9667,-0.0,1.0519,0.8611,0.0,1.54,3.63,1514,0,124.00,192.32,-1.0,-1000.0,-1.0,-1.0,-1,-1,9,11,,-1,-1,,0,4,-4,8
88,0,1,1,351.6632,-214.4113,354.3462,2.4188,6.0926,23.8929,-2.3654,1.1336,0.7527,24.0097,-0.0,1.0539,0.8607,0.95,1.56,3.63,1514,0,124.96,192.32,-1.0,-1000.0,-1.0,-1.0,-1,-1,9,11,,-1,-1,,0,4,-4,8
88,0,2,2,352.6189,-214.505,354.4272,2.4188,6.0926,23.9395,-2.3358,1.134,0.7538,24.0531,-0.0,1.0554,0.8604,1.91,1.57,3.64,1514,0,125.92,192.32,-1.0,-1000.0,-1.0,-1.0,-1,-1,9,11,,-1,-1,,0,4,-4,8
88,0,3,3,353.5767,-214.5975,354.5079,2.4188,6.0926,23.9863,-2.3063,1.1339,0.7552,24.097,-0.0,1.0564,0.8603,2.88,1.59,3.65,1514,0,126.89,192.32,-1.0,-1000.0,-1.0,-1.0,-1,-1,9,11,,-1,-1,,0,4,-3,8
88,0,4,4,354.5367,-214.689,354.5883,2.4188,6.0926,24.0334,-2.2768,1.1331,0.7569,24.141,-0.0,1.0567,0.8604,3.84,1.60,3.65,1514,0,127.85,192.32,-1.0,-1000.0,-1.0,-1.0,-1,-1,9,11,,-1,-1,,0,4,-3,8
88,0,5,5,355.4987,-214.7793,354.6684,2.4188,6.0926,24.0805,-2.2473,1.1316,0.7588,24.1851,-0.0,1.0562,0.8607,4.81,1.62,3.66,1514,0,128.82,192.32,-1.0,-1000.0,-1.0,-1.0,-1,-1,9,11,,-1,-1,,0,4,-3,8
88,0,6,6,356.4626,-214.8685,354.7483,2.4188,6.0926,24.1276,-2.2177,1.1295,0.7611,24.2293,-0.0,1.0551,0.8613,5.77,1.64,3.67,1514,0,129.79,192.32,-1.0,-1000.0,-1.0,-1.0,-1,-1,9,11,,-1,-1,,0,4,-3,8
88,0,7,7,357.4286,-214.9564,354.828,2.4188,6.0926,24.1746,-2.1882,1.1265,0.7637,24.2734,-0.0,1.0531,0.8622,6.74,1.66,3.67,1514,0,130.76,192.32,-1.0,-1000.0,-1.0,-1.0,-1,-1,9,11,,-1,-1,,0,4,-3,8
88,0,8,8,358.3964,-215.0431,354.9074,2.4188,6.0926,24.2215,-2.1586,1.1229,0.7667,24.3175,-0.0,1.0504,0.8634,7.72,1.68,3.68,1514,0,131.73,192.32,-1.0,-1000.0,-1.0,-1.0,-1,-1,9,11,,-1,-1,,0,4,-3,8
88,0,9,9,359.3663,-215.1286,354.9865,2.4188,6.0926,24.2682,-2.129,1.1185,0.7701,24.3614,-0.0,1.0469,0.8649,8.69,1.70,3.69,1514,0,132.70,192.32,-1.0,-1000.0,-1.0,-1.0,-1,-1,9,11,,-1,-1,,0,4,-3,8
88,0,10,10,360.3382,-215.2128,355.0653,2.4188,6.0926,24.3147,-2.0993,1.1134,0.7739,24.4052,-0.0,1.0427,0.8668,9.67,1.72,3.70,1514,0,133.68,192.32,-1.0,-1000.0,-1.0,-1.0,-1,-1,9,11,,-1,-1,,0,4,-3,8
88,0,11,11,361.3119,-215.2959,355.1439,2.4188,6.0926,24.3609,-2.0697,1.1076,0.7783,24.4486,-0.0,1.0378,0.8692,10.64,1.75,3.71,1514,0,134.66,192.32,-1.0,-1000.0,-1.0,-1.0,-1,-1,9,11,,-1,-1,,0,4,-3,8
88,0,12,12,362.2875,-215.3779,355.2224,2.4188,6.0926,24.4067,-2.0399,1.1012,0.7831,24.4918,-0.0,1.0322,0.8721,11.62,1.77,3.72,1514,0,135.63,192.32,-1.0,-1000.0,-1.0,-1.0,-1,-1,9,11,,-1,-1,,0,4,-3,8
88,0,13,13,363.265,-215.4589,355.301,2.4188,6.0926,24.4521,-2.0099,1.0943,0.7885,24.5346,-0.0,1.026,0.8755,12.6,1.80,3.72,1514,0,136.60,192.32,-1.0,-1000.0,-1.0,-1.0,-1,-1,9,11,,-1,-1,,0,4,-3,8
88,0,14,14,364.2442,-215.5386,355.3797,2.4188,6.0926,24.4972,-1.9797,1.0868,0.7944,24.577,-0.0,1.0192,0.8794,13.58,1.84,3.73,1514,0,137.58,192.32,-1.0,-1000.0,-1.0,-1.0,-1,-1,9,11,,-1,-1,,0,4,-3,8
88,0,15,15,365.2255,-215.6172,355.4586,2.4188,6.0926,24.5417,-1.9493,1.0788,0.8009,24.619,-0.0,1.012,0.8838,14.57,-1.89,3.80,1463,1,138.02,191.65,5.19,-0.29,0.21,-1.0,9,11,5,10,,-1,-1,,0,4,-3,8
88,0,16,16,366.2085,-215.6944,355.5377,2.4188,6.0926,24.5858,-1.9187,1.0704,0.808,24.6605,-0.0,1.0043,0.8888,15.56,-1.86,3.81,1463,0,139.00,191.65,5.2,-0.26,0.21,-1.0,9,11,5,10,,-1,-1,,0,4,-3,8
88,0,17,17,367.1932,-215.7704,355.6169,2.4188,6.0926,24.6293,-1.8878,1.0617,0.8156,24.7015,-0.0,0.9963,0.8943,16.54,-1.84,3.81,1463,0,139.99,191.65,5.21,-0.23,0.21,-1.0,9,11,5,10,,-1,-1,,0,4,-3,8
88,0,18,18,368.1797,-215.8453,355.6966,2.4188,6.0926,24.6723,-1.8566,1.0528,0.8237,24.742,-0.0,0.988,0.9004,17.53,-1.81,3.81,1463,0,140.98,191.65,5.22,-0.2,0.21,-1.0,9,11,5,10,,-1,-1,,0,4,-3,8
88,0,19,19,369.1679,-215.919,355.7767,2.4188,6.0926,24.7147,-1.8251,1.0437,0.8325,24.782,-0.0,0.9796,0.9071,18.52,-1.78,3.81,1463,0,141.97,191.65,5.22,-0.17,0.21,-1.0,9,11,5,10,,-1,-1,,0,4,-3,8
88,0,20,20,370.1577,-215.9915,355.8574,2.4188,6.0926,24.7566,-1.7931,1.0345,0.8418,24.8215,-0.0,0.971,0.9143,19.52,-1.75,3.81,1463,0,142.96,191.65,5.23,-0.14,0.21,-1.0,9,11,5,10,,-1,-1,,0,4,-3,8
88,0,21,21,371.1493,-216.0628,355.9389,2.4188,6.0926,24.798,-1.7606,1.0252,0.8516,24.8604,-0.0,0.9624,0.922,20.51,-1.72,3.81,1463,0,143.96,191.65,5.24,-0.11,0.21,-1.0,9,11,5,10,,-1,-1,,0,4,-3,8
88,0,22,22,372.1423,-216.133,356.0213,2.4188,6.0926,24.8389,-1.7276,1.016,0.8618,24.8989,-0.0,0.9538,0.9302,21.51,-1.68,3.81,1463,0,144.95,191.65,5.24,-0.08,0.21,-1.0,9,11,5,10,,-1,-1,,0,4,-3,8
88,0,23,23,373.1369,-216.202,356.1049,2.4188,6.0926,24.8793,-1.694,1.0069,0.8724,24.9369,-0.0,0.9453,0.9388,22.5,-1.65,3.82,1463,0,145.95,191.65,5.25,-0.05,0.21,-1.0,9,11,5,10,,-1,-1,,0,4,-3,8
88,0,24,24,374.1329,-216.2696,356.1896,2.4188,6.0926,24.9194,-1.6597,0.9978,0.8833,24.9746,-0.0,0.9369,0.9477,23.5,-1.61,3.83,1463,0,146.95,191.65,5.25,-0.02,0.21,-1.0,9,11,5,10,,-1,-1,,0,4,-3,8
88,0,25,25,375.1306,-216.3358,356.2756,2.4188,6.0926,24.959,-1.6247,0.9889,0.8944,25.0119,-0.0,0.9287,0.9568,24.5,-1.58,3.85,1463,0,147.95,191.65,5.25,0.02,0.21,260.11,9,11,5,10,,-1,-1,,0,4,-3,8
88,0,26,26,376.1298,-216.4008,356.3629,2.4188,6.0926,24.9983,-1.589,0.98,0.9056,25.0487,-0.0,0.9206,0.9659,25.5,-1.54,3.87,1463,0,148.95,191.65,5.24,0.05,0.2,99.92,9,11,5,10,,-1,-1,,0,4,-3,8
88,0,27,27,377.1306,-216.4643,356.4515,2.4188,6.0926,25.0372,-1.5526,0.9713,0.9168,25.0853,-0.0,0.9127,0.9751,26.5,-1.50,3.89,1463,0,149.95,191.65,5.24,0.08,0.2,61.55,9,11,5,10,,-1,-1,,0,4,-3,8
88,0,28,28,378.133,-216.5264,356.5414,2.4188,6.0926,25.0756,-1.5155,0.9627,0.9278,25.1214,-0.0,0.905,0.9842,27.51,-1.47,3.90,1463,0,150.93,191.65,5.26,0.11,0.2,44.63,9,11,5,10,,-1,-1,,0,4,-3,8
88,0,29,29,379.137,-216.5869,356.6327,2.4188,6.0926,25.1137,-1.4777,0.9543,0.9386,25.1571,-0.0,0.8975,0.9931,28.51,-1.44,3.92,1463,0,151.93,191.65,5.26,0.15,0.2,34.84,9,11,5,10,,-1,-1,,0,4,-3,8
88,0,30,30,380.1424,-216.6461,356.7253,2.4188,6.0926,25.1514,-1.4391,0.946,0.9491,25.1925,-0.0,0.8903,1.0016,29.52,-1.41,3.94,1463,0,152.94,191.65,5.25,0.18,0.2,28.54,9,11,5,10,,-1,-1,,0,4,-3,8
88,0,31,31,381.1496,-216.7036,356.8192,2.4188,6.0926,25.1886,-1.3998,0.938,0.9591,25.2274,-0.0,0.8834,1.0097,30.53,-1.38,3.96,1463,0,153.95,191.65,5.24,0.21,0.2,24.14,9,11,5,10,,-1,-1,,0,4,-3,8
88,0,32,32,382.1581,-216.7595,356.9143,2.4188,6.0926,25.2253,-1.3598,0.9303,0.9685,25.262,-0.0,0.8768,1.0172,31.54,-1.35,3.97,1463,0,154.96,191.65,5.23,0.25,0.2,20.9,9,11,5,10,,-1,-1,,0,4,-3,8
88,0,33,33,383.168,-216.8138,357.0106,2.4188,6.0926,25.2618,-1.3192,0.9229,0.9772,25.2962,-0.0,0.8707,1.024,32.55,-1.32,3.98,1463,0,155.97,191.65,5.23,0.28,0.2,18.41,9,11,5,10,,-1,-1,,0,4,-3,8
88,0,34,34,384.1793,-216.8665,357.108,2.4188,6.0926,25.2978,-1.278,0.9158,0.9851,25.3301,-0.0,0.8649,1.0301,33.56,-1.28,3.98,1463,0,156.98,191.65,5.21,0.31,0.2,16.43,9,11,5,10,,-1,-1,,0,4,-3,8
88,0,35,35,385.1921,-216.9175,357.2064,2.4188,6.0926,25.3336,-1.2362,0.9091,0.9921,25.3637,-0.0,0.8596,1.0352,34.58,-1.24,3.99,1463,0,157.99,191.65,5.2,0.35,0.2,14.81,9,11,5,10,,-1,-1,,0,4,-3,8
88,0,36,36,386.2062,-216.9669,357.3059,2.4188,6.0926,25.369,-1.1938,0.9027,0.9981,25.3971,-0.0,0.8548,1.0394,35.59,-1.21,3.99,1463,0,159.01,191.65,5.19,0.38,0.2,13.47,9,11,5,10,,-1,-1,,0,4,-3,8
88,0,37,37,387.2217,-217.0147,357.4064,2.4188,6.0926,25.4042,-1.1508,0.8966,1.0029,25.4303,-0.0,0.8503,1.0424,36.61,-1.16,4.00,1463,0,160.03,191.65,5.17,0.41,0.2,12.32,9,11,5,10,,-1,-1,,0,4,-3,8
88,0,38,38,388.2383,-217.0609,357.5079,2.4188,6.0926,25.4393,-1.1072,0.891,1.0064,25.4634,-0.0,0.8463,1.0442,37.63,-1.12,4.00,1463,0,161.05,191.65,5.15,0.45,0.2,11.36,9,11,5,10,,-1,-1,,0,4,-3,8
88,0,39,39,389.2565,-217.1052,357.6101,2.4188,6.0926,25.4742,-1.0632,0.8856,1.0085,25.4964,-0.0,0.8428,1.0445,38.65,-1.07,4.00,1463,0,162.06,191.65,5.13,0.48,0.2,10.52,9,11,5,10,,-1,-1,,0,4,-3,8
88,0,40,40,390.276,-217.1475,357.7128,2.4188,6.0926,25.5089,-1.0188,0.8805,1.009,25.5293,-0.0,0.8395,1.0433,39.67,-1.02,4.01,1463,0,163.08,191.65,5.12,0.52,0.2,9.79,9,11,5,10,,-1,-1,,0,4,-3,8
88,0,41,41,391.2969,-217.1878,357.8156,2.4188,6.0926,25.5435,-0.9743,0.8757,1.0078,25.5621,-0.0,0.8366,1.0405,40.69,-0.97,4.01,1463,0,164.10,191.65,5.1,0.55,0.19,9.14,9,11,5,10,,-1,-1,,0,4,-3,8
88,0,42,42,392.3192,-217.2262,357.9182,2.4188,6.0926,25.578,-0.9298,0.8711,1.005,25.5949,-0.0,0.834,1.036,41.71,-0.91,4.02,1463,0,165.12,191.65,5.07,0.59,0.19,8.57,9,11,5,10,,-1,-1,,0,4,-3,8
88,0,43,43,393.3429,-217.2628,358.0204,2.4188,6.0926,25.6123,-0.8853,0.8667,1.0005,25.6276,-0.0,0.8316,1.0299,42.74,-0.86,4.03,1463,0,166.14,191.65,5.05,0.62,0.19,8.06,9,11,5,10,,-1,-1,,0,4,-3,8
88,0,44,44,394.3679,-217.2974,358.122,2.4188,6.0926,25.6465,-0.8409,0.8625,0.9943,25.6603,-0.0,0.8295,1.022,43.76,-0.82,4.02,1463,0,167.16,191.65,5.03,0.66,0.19,7.6,9,11,5,10,,-1,-1,,0,4,-3,8
88,0,45,45,395.3943,-217.3303,358.2228,2.4188,6.0926,25.6806,-0.7968,0.8585,0.9863,25.693,-0.0,0.8275,1.0125,44.79,-0.77,4.02,1463,0,168.19,191.65,5.0,0.69,0.19,7.18,9,11,5,10,,-1,-1,,0,4,-3,8
88,0,46,46,396.4222,-217.3612,358.3225,2.4188,6.0926,25.7146,-0.7531,0.8546,0.9766,25.7256,-0.0,0.8257,1.0012,45.82,-0.72,4.01,1463,0,169.21,191.65,4.97,0.73,0.19,6.81,9,11,5,10,,-1,-1,,0,4,-3,8
88,0,47,47,397.4514,-217.3904,358.421,2.4188,6.0926,25.7484,-0.7098,0.8509,0.9652,25.7582,-0.0,0.824,0.9883,46.85,-0.67,4.01,1463,0,170.24,191.65,4.94,0.76,0.19,6.47,9,11,5,10,,-1,-1,,0,4,-3,8
88,0,48,48,398.4821,-217.4179,358.5181,2.4188,6.0926,25.7821,-0.667,0.8474,0.9521,25.7907,-0.0,0.8225,0.9737,47.88,-0.62,4.00,1463,0,171.27,191.65,4.91,0.79,0.19,6.15,9,11,5,10,,-1,-1,,0,4,-3,8
88,0,49,49,399.5142,-217.4437,358.6136,2.4188,6.0926,25.8155,-0.6248,0.844,0.9374,25.8231,-0.0,0.8211,0.9575,48.91,-0.56,4.00,1463,0,172.30,191.65,4.88,0.83,0.18,5.87,9,11,5,10,,-1,-1,,0,4,-3,8
88,0,50,50,400.5476,-217.4678,358.7074,2.4188,6.0926,25.8488,-0.5832,0.8408,0.921,25.8554,-0.0,0.8198,0.9398,49.94,-0.50,3.99,1463,0,173.34,191.65,4.85,0.86,0.18,5.6,9,11,5,10,,-1,-1,,0,4,-3,8
88,0,51,51,401.5825,-217.4902,358.7994,2.4188,6.0926,25.8819,-0.5424,0.8378,0.903,25.8875,-0.0,0.8187,0.9204,50.98,-0.44,3.99,1463,0,174.37,191.65,4.81,0.89,0.18,5.36,9,11,5,10,,-1,-1,,0,4,-3,8
88,0,52,52,402.6186,-217.511,358.8894,2.4188,6.0926,25.9147,-0.5024,0.835,0.8835,25.9196,-0.0,0.8177,0.8995,52.02,-0.38,3.98,1463,0,175.40,191.65,4.78,0.93,0.18,5.13,9,11,5,10,,-1,-1,,0,4,-3,8
88,0,53,53,403.656,-217.53,358.9771,2.4188,6.0926,25.9474,-0.4633,0.8326,0.8624,25.9515,-0.0,0.817,0.8771,53.05,-0.31,3.98,1463,0,176.44,191.65,4.74,0.96,0.18,4.92,9,11,5,10,,-1,-1,,0,4,-3,8
88,0,54,54,404.6947,-217.5473,359.0622,2.4188,6.0926,25.9799,-0.4252,0.8304,0.8399,25.9834,-0.0,0.8165,0.8533,54.09,-0.24,3.98,1463,0,177.48,191.65,4.7,0.99,0.18,4.73,9,11,5,10,,-1,-1,,0,4,-3,8
88,0,55,55,405.7347,-217.5631,359.1447,2.4188,6.0926,26.0123,-0.3883,0.8285,0.8159,26.0152,-0.0,0.8162,0.8282,55.13,-0.17,3.97,1463,0,178.51,191.65,4.66,1.02,0.17,4.54,9,11,5,10,,-1,-1,,0,4,-3,8
88,0,56,56,406.7759,-217.5774,359.2243,2.4188,6.0926,26.0447,-0.3526,0.827,0.7907,26.047,-0.0,0.8162,0.8018,56.17,-0.10,3.95,1463,0,179.55,191.65,4.62,1.05,0.17,4.37,9,11,5,10,,-1,-1,,0,5,-3,8
88,0,57,57,407.8183,-217.5902,359.301,2.4188,6.0926,26.0769,-0.3182,0.8258,0.7643,26.0788,-0.0,0.8164,0.7744,57.22,-0.03,3.94,1463,0,180.59,191.65,4.58,1.09,0.17,4.2,9,11,5,10,,-1,-1,,0,5,-3,8
88,0,58,58,408.8619,-217.6015,359.3744,2.4188,6.0926,26.1091,-0.2851,0.8249,0.7369,26.1107,-0.0,0.8168,0.7459,58.26,0.04,3.92,1463,0,181.63,191.65,4.54,1.12,0.17,4.05,9,11,5,10,,-1,-1,,0,5,-3,8
88,0,59,59,409.9071,-217.6115,359.4445,2.4188,6.0926,26.1413,-0.2534,0.8243,0.7085,26.1425,-0.0,0.8174,0.7165,59.31,0.12,3.90,1463,0,182.68,191.65,4.5,1.15,0.17,3.89,9,11,5,10,,-1,-1,,0,5,-3,8
88,0,60,60,410.9533,-217.6201,359.5112,2.4188,6.0926,26.1735,-0.2233,0.8241,0.6793,26.1744,-0.0,0.8183,0.6863,60.35,0.17,3.88,1463,0,183.72,191.65,4.45,1.18,0.17,3.75,9,11,5,10,,-1,-1,,0,5,-3,8
88,0,61,61,412.0009,-217.6274,359.5741,2.4188,6.0926,26.2057,-0.1948,0.8242,0.6495,26.2064,-0.0,0.8193,0.6556,61.4,0.23,3.86,1463,0,184.77,191.65,4.41,1.21,0.16,3.61,9,11,5,10,,-1,-1,,0,5,-3,8
88,0,62,62,413.0496,-217.6336,359.6334,2.4188,6.0926,26.2379,-0.1679,0.8246,0.6193,26.2384,-0.0,0.8206,0.6245,62.45,0.29,3.84,1463,0,185.82,191.65,4.36,1.25,0.16,3.48,9,11,5,10,,-1,-1,,0,5,-3,8
88,0,63,63,414.0998,-217.6386,359.6889,2.4188,6.0926,26.2702,-0.1427,0.8253,0.5887,26.2706,-0.0,0.8221,0.5932,63.5,0.36,3.84,1463,0,186.86,191.65,4.31,1.28,0.16,3.36,9,11,5,10,,-1,-1,,0,5,-3,8
88,0,64,64,415.1512,-217.6427,359.7405,2.4188,6.0926,26.3025,-0.1191,0.8262,0.5581,26.3028,-0.0,0.8237,0.5618,64.55,0.42,3.84,1463,0,187.91,191.65,4.26,1.31,0.16,3.24,9,11,5,10,,-1,-1,,0,5,-3,8
88,0,65,65,416.2039,-217.646,359.7885,2.4188,6.0926,26.3349,-0.0972,0.8275,0.5275,26.335,-0.0,0.8255,0.5306,65.6,0.48,3.84,1463,0,188.96,191.65,4.21,1.34,0.15,3.12,9,11,5,10,,-1,-1,,0,5,-3,8
88,1,0,0,532.0694,-220.2015,1.7552,2.0253,4.1111,22.2626,0.5336,0.416,0.4614,22.2685,-0.1485,0.4299,0.4485,0.0,0.27,3.94,1472,0,85.88,206.23,-1.0,-1000.0,-1.0,-1.0,-1,9,-1,0,,-1,8,,0,6,-3,1
88,1,1,1,532.959,-220.18,1.7642,2.0253,4.1111,22.2803,0.552,0.416,0.4619,22.2867,-0.1341,0.43,0.4489,0.88,0.27,3.94,1472,0,86.77,206.23,-1.0,-1000.0,-1.0,-1.0,-1,9,-1,0,,-1,8,,0,6,-3,1
88,1,2,2,533.8497,-220.1577,1.7813,2.0253,4.1111,22.2983,0.5706,0.4155,0.4624,22.3053,-0.1228,0.4297,0.4493,1.78,0.27,3.94,1472,0,87.66,206.23,-1.0,-1000.0,-1.0,-1.0,-1,9,-1,0,,-1,8,,0,6,-3,1
88,1,3,3,534.7414,-220.1346,1.8015,2.0253,4.1111,22.3166,0.5892,0.4144,0.4629,22.324,-0.1126,0.4287,0.4496,2.67,0.28,3.94,1472,0,88.55,206.23,-1.0,-1000.0,-1.0,-1.0,-1,9,-1,0,,-1,8,,0,6,-3,1
88,1,4,4,535.6339,-220.1107,1.8312,2.0253,4.1111,22.335,0.6079,0.4126,0.4633,22.343,-0.1062,0.4272,0.4499,3.56,0.28,3.95,1472,0,89.44,206.23,-1.0,-1000.0,-1.0,-1.0,-1,9,-1,0,,-1,8,,0,6,-3,1
88,1,5,5,536.527,-220.086,1.8573,2.0253,4.1111,22.3535,0.6265,0.41,0.4637,22.3621,-0.0983,0.4248,0.4501,4.45,0.29,3.95,1472,0,90.33,206.23,-1.0,-1000.0,-1.0,-1.0,-1,9,-1,0,,-1,8,,0,6,-3,1
88,1,6,6,537.4209,-220.0605,1.8669,2.0253,4.1111,22.3722,0.6452,0.4065,0.464,22.3814,-0.084,0.4214,0.4505,5.35,0.29,3.94,1472,0,91.24,206.23,-1.0,-1000.0,-1.0,-1.0,-1,9,-1,0,,-1,8,,0,6,-3,1
88,1,7,7,538.3158,-220.0342,1.8897,2.0253,4.1111,22.3909,0.6638,0.4021,0.4642,22.4006,-0.075,0.4172,0.4507,6.24,0.27,3.94,1472,0,92.13,206.23,-1.0,-1000.0,-1.0,-1.0,-1,9,-1,0,,-1,8,,0,6,-3,1
88,1,8,8,539.2117,-220.0072,1.9156,2.0253,4.1111,22.4095,0.6823,0.3968,0.4645,22.4198,-0.0671,0.4121,0.451,7.14,0.26,3.94,1472,0,93.03,206.23,-1.0,-1000.0,-1.0,-1.0,-1,9,-1,0,,-1,8,,0,6,-3,1
88,1,9,9,540.1085,-219.9795,1.9361,2.0253,4.1111,22.4278,0.7009,0.3904,0.4648,22.4386,-0.0572,0.4059,0.4513,8.04,0.25,3.93,1472,0,93.92,206.23,-1.0,-1000.0,-1.0,-1.0,-1,9,-1,0,,-1,8,,0,6,-3,1
88,1,10,10,541.006,-219.9511,1.9491,2.0253,4.1111,22.4458,0.7195,0.3831,0.465,22.4572,-0.0443,0.3987,0.4517,8.94,0.24,3.93,1472,0,94.82,206.23,-1.0,-1000.0,-1.0,-1.0,-1,9,-1,0,,-1,8,,0,6,-3,1
88,1,11,11,541.9041,-219.9218,1.9506,2.0253,4.1111,22.4635,0.738,0.3748,0.4653,22.4756,-0.027,0.3904,0.4523,9.83,0.23,3.93,1472,0,95.72,206.23,-1.0,-1000.0,-1.0,-1.0,-1,9,-1,0,,-1,8,,0,6,-3,1
88,1,12,12,542.803,-219.8919,1.9471,2.0253,4.1111,22.4809,0.7566,0.3656,0.4656,22.4936,-0.0077,0.3812,0.453,10.73,0.22,3.93,1472,0,96.62,206.23,-1.0,-1000.0,-1.0,-1.0,-1,9,-1,0,,-1,8,,0,6,-3,1
88,1,13,13,543.7029,-219.8613,1.9508,2.0253,4.1111,22.4977,0.7752,0.3554,0.466,22.5111,0.0089,0.3711,0.4536,11.63,0.22,3.92,1472,0,97.52,206.23,-1.0,-1000.0,-1.0,-1.0,-1,9,-1,0,,-1,8,,0,6,-3,1
88,1,14,14,544.6037,-219.8299,1.9681,2.0253,4.1111,22.5139,0.7938,0.3444,0.4663,22.5279,0.0201,0.3603,0.4542,12.53,0.21,3.92,1472,0,98.42,206.23,-1.0,-1000.0,-1.0,-1.0,-1,9,-1,0,,-1,8,,0,6,-3,1
88,1,15,15,545.5052,-219.798,1.988,2.0253,4.1111,22.5294,0.8124,0.3327,0.4667,22.544,0.0304,0.3487,0.4549,13.44,0.21,3.92,1472,0,99.32,206.23,-1.0,-1000.0,-1.0,-1.0,-1,9,-1,0,,-1,-1,,0,6,-3,1
88,1,16,16,546.4074,-219.7654,2.0008,2.0253,4.1111,22.5441,0.8313,0.3203,0.467,22.5594,0.0437,0.3365,0.4555,14.34,0.20,3.91,1472,0,100.23,206.23,-1.0,-1000.0,-1.0,-1.0,-1,9,-1,0,,-1,-1,,0,6,-3,1
88,1,17,17,547.3102,-219.732,2.0055,2.0253,4.1111,22.558,0.8502,0.3075,0.4672,22.574,0.0602,0.3237,0.4562,15.24,0.20,3.91,1472,0,101.13,206.23,-1.0,-1000.0,-1.0,-1.0,-1,9,-1,0,,-1,-1,,0,6,-3,1
88,1,18,18,548.2137,-219.6977,2.0209,2.0253,4.1111,22.5711,0.8691,0.2943,0.4674,22.5877,0.0726,0.3106,0.4567,16.15,0.20,3.91,1472,0,102.03,206.23,-1.0,-1000.0,-1.0,-1.0,-1,9,-1,0,,-1,-1,,0,6,-3,1
88,1,19,19,549.1177,-219.6626,2.0317,2.0253,4.1111,22.5832,0.8881,0.2808,0.4674,22.6005,0.0869,0.2972,0.4572,17.05,0.20,3.91,1472,0,102.94,206.23,-1.0,-1000.0,-1.0,-1.0,-1,9,-1,0,,-1,-1,,0,6,-3,1
88,1,20,20,550.0219,-219.6266,2.0405,2.0253,4.1111,22.5946,0.907,0.2673,0.4674,22.6125,0.1019,0.2838,0.4576,17.96,0.20,3.90,1472,0,103.84,206.23,-1.0,-1000.0,-1.0,-1.0,-1,9,-1,0,,-1,-1,,0,6,-3,1
88,1,21,21,550.9262,-219.5899,2.0666,2.0253,4.1111,22.6052,0.9259,0.2537,0.4673,22.6239,0.1101,0.2704,0.4578,18.86,0.20,3.90,1472,0,104.75,206.23,-1.0,-1000.0,-1.0,-1.0,-1,9,-1,0,,-1,-1,,0,6,-3,1
88,1,22,22,551.8309,-219.5527,2.0882,2.0253,4.1111,22.6152,0.9449,0.2402,0.467,22.6346,0.1202,0.257,0.458,19.77,0.20,3.90,1472,0,105.65,206.23,-1.0,-1000.0,-1.0,-1.0,-1,9,-1,0,,-1,-1,,0,7,-3,1
88,1,23,23,552.7361,-219.5146,2.1081,2.0253,4.1111,22.6245,0.9639,0.2268,0.4666,22.6447,0.131,0.2438,0.458,20.67,0.20,3.89,1472,0,106.56,206.23,-1.0,-1000.0,-1.0,-1.0,-1,9,-1,0,,-1,-1,,0,7,-3,1
88,1,24,24,553.6417,-219.4756,2.1318,2.0253,4.1111,22.6332,0.9829,0.2135,0.4662,22.6541,0.1403,0.2307,0.4579,21.58,0.21,3.89,1472,0,107.47,206.23,-1.0,-1000.0,-1.0,-1.0,-1,9,-1,0,,-1,-1,,0,7,-3,1
88,1,25,25,554.5474,-219.436,2.1481,2.0253,4.1111,22.6412,1.0018,0.2004,0.4655,22.6628,0.1525,0.2177,0.4577,22.49,0.21,3.89,1472,0,108.37,206.23,-1.0,-1000.0,-1.0,-1.0,-1,9,-1,0,,-1,-1,,0,7,-3,1
88,1,26,26,555.4532,-219.3955,2.1724,2.0253,4.1111,22.6486,1.0208,0.1875,0.4648,22.6711,0.1615,0.205,0.4573,23.39,0.21,3.88,1472,0,109.28,206.23,-1.0,-1000.0,-1.0,-1.0,-1,9,-1,0,,-1,-1,,0,7,-3,1
88,1,27,27,556.3593,-219.3543,2.2001,2.0253,4.1111,22.6556,1.0397,0.1748,0.4639,22.6788,0.1692,0.1925,0.4569,24.3,0.22,3.88,1472,0,110.19,206.23,-1.0,-1000.0,-1.0,-1.0,-1,9,-1,0,,-1,-1,,0,7,-3,1
88,1,28,28,557.2657,-219.3123,2.2421,2.0253,4.1111,22.662,1.0585,0.1624,0.4629,22.6861,0.1711,0.1804,0.4562,25.21,0.22,3.88,1472,0,111.09,206.23,-1.0,-1000.0,-1.0,-1.0,-1,9,-1,0,,-1,-1,,0,7,-3,1
88,1,29,29,558.1727,-219.2696,2.2849,2.0253,4.1111,22.6678,1.0773,0.1502,0.4618,22.6927,0.1727,0.1685,0.4554,26.12,0.22,3.89,1472,0,112.00,206.23,-1.0,-1000.0,-1.0,-1.0,-1,9,-1,0,,-1,-1,,0,7,-3,1
88,1,30,30,559.0797,-219.226,2.3287,2.0253,4.1111,22.673,1.0961,0.1384,0.4606,22.6988,0.1739,0.157,0.4546,27.02,0.23,3.90,1472,0,112.91,206.23,-1.0,-1000.0,-1.0,-1.0,-1,9,-1,0,,-1,-1,,0,7,-3,1
88,1,31,31,559.9867,-219.1817,2.3763,2.0253,4.1111,22.6778,1.1147,0.1268,0.4593,22.7045,0.1734,0.1457,0.4536,27.93,0.23,3.92,1472,0,113.82,206.23,-1.0,-1000.0,-1.0,-1.0,-1,9,-1,0,,-1,-1,,0,7,-3,1
88,1,32,32,560.8938,-219.1364,2.429,2.0253,4.1111,22.6821,1.1331,0.1155,0.4579,22.7097,0.1708,0.1348,0.4526,28.84,0.23,3.93,1472,0,114.73,206.23,-1.0,-1000.0,-1.0,-1.0,-1,9,-1,0,,-1,-1,,0,7,-3,1
88,1,33,33,561.8012,-219.0906,2.4865,2.0253,4.1111,22.686,1.1515,0.1046,0.4565,22.7146,0.1662,0.1243,0.4515,29.75,0.23,3.94,1472,0,115.64,206.23,-1.0,-1000.0,-1.0,-1.0,-1,9,-1,0,,-1,-1,,0,7,-3,1
88,1,34,34,562.709,-219.0441,2.5483,2.0253,4.1111,22.6893,1.1697,0.0939,0.4551,22.7189,0.1598,0.1141,0.4505,30.66,0.22,3.95,1472,0,116.55,206.23,-1.0,-1000.0,-1.0,-1.0,-1,9,-1,0,,-1,-1,,0,7,-3,1
88,1,35,35,563.6169,-218.9968,2.6177,2.0253,4.1111,22.6921,1.1879,0.0836,0.4537,22.7227,0.1503,0.1043,0.4494,31.57,0.22,3.96,1472,0,117.46,206.23,-1.0,-1000.0,-1.0,-1.0,-1,9,-1,0,,-1,-1,,0,7,-3,1
88,1,36,36,564.5249,-218.9489,2.6925,2.0253,4.1111,22.6944,1.206,0.0737,0.4524,22.726,0.1385,0.0949,0.4484,32.48,0.22,3.96,1472,0,118.37,206.23,-1.0,-1000.0,-1.0,-1.0,-1,9,-1,0,,-1,-1,,0,7,-3,1
88,1,37,37,565.4329,-218.9002,2.7701,2.0253,4.1111,22.6963,1.224,0.0643,0.451,22.7289,0.1257,0.086,0.4474,33.39,0.22,3.95,1472,0,119.27,206.23,-1.0,-1000.0,-1.0,-1.0,-1,9,-1,0,,-1,-1,,0,7,-3,1
88,1,38,38,566.3411,-218.8507,2.8569,2.0253,4.1111,22.6976,1.2418,0.0553,0.4498,22.7313,0.109,0.0776,0.4465,34.29,0.22,3.94,1472,0,120.18,206.23,-1.0,-1000.0,-1.0,-1.0,-1,9,-1,0,,-1,-1,,0,7,-3,1
88,1,39,39,567.2494,-218.8007,2.9553,2.0253,4.1111,22.6984,1.2597,0.0468,0.4486,22.7332,0.0877,0.0699,0.4456,35.2,0.21,3.93,1472,0,121.09,206.23,-1.0,-1000.0,-1.0,-1.0,-1,9,-1,0,,-1,-1,,0,7,-3,1
88,1,40,40,568.1576,-218.7501,3.0579,2.0253,4.1111,22.6989,1.2775,0.0389,0.4474,22.7347,0.0648,0.0627,0.4447,36.11,0.21,3.92,1472,0,122.00,206.23,-1.0,-1000.0,-1.0,-1.0,-1,9,-1,0,,-1,-1,,0,7,-3,1
88,1,41,41,569.0655,-218.6986,3.1473,2.0253,4.1111,22.699,1.2953,0.0316,0.4463,22.7359,0.0471,0.0561,0.4439,37.02,0.21,3.91,1472,0,122.92,206.23,-1.0,-1000.0,-1.0,-1.0,-1,9,-1,0,,-1,-1,,0,7,-3,1
88,1,42,42,569.9734,-218.6464,3.2164,2.0253,4.1111,22.6988,1.313,0.0248,0.4453,22.7367,0.0373,0.0498,0.4432,37.93,0.20,3.90,1472,0,123.82,206.23,-1.0,-1000.0,-1.0,-1.0,-1,9,-1,0,,-1,-1,,0,7,-3,1
88,1,43,43,570.8814,-218.5934,3.272,2.0253,4.1111,22.6984,1.3306,0.0187,0.4443,22.7374,0.0329,0.044,0.4425,38.84,0.20,3.89,1472,0,124.73,206.23,-1.0,-1000.0,-1.0,-1.0,-1,9,-1,0,,-1,-1,,0,7,-3,1
88,1,44,44,571.7893,-218.5398,3.3291,2.0253,4.1111,22.6978,1.3481,0.013,0.4434,22.7378,0.0278,0.0388,0.4419,39.75,0.19,3.88,1472,0,125.64,206.23,-1.0,-1000.0,-1.0,-1.0,-1,9,-1,0,,-1,-1,,0,7,-3,1
88,1,45,45,572.697,-218.4855,3.3853,2.0253,4.1111,22.697,1.3657,0.0079,0.4426,22.738,0.023,0.0341,0.4413,40.66,0.18,3.87,1472,0,126.55,206.23,-1.0,-1000.0,-1.0,-1.0,-1,9,-1,0,,-1,-1,,0,7,-3,1
88,1,46,46,573.6044,-218.4306,3.4389,2.0253,4.1111,22.6962,1.3832,0.0033,0.4418,22.7383,0.0193,0.0298,0.4408,41.57,0.18,3.86,1472,0,127.46,206.23,-1.0,-1000.0,-1.0,-1.0,-1,9,-1,0,,-1,-1,,7,1,-3,1
88,1,47,47,574.5118,-218.3749,3.4761,2.0253,4.1111,22.6954,1.4007,-0.0009,0.4411,22.7386,0.0221,0.0259,0.4404,42.48,0.17,3.86,1472,0,128.37,206.23,-1.0,-1000.0,-1.0,-1.0,-1,9,-1,0,,-1,-1,,7,1,-3,1
88,1,48,48,575.4193,-218.3185,3.512,2.0253,4.1111,22.6946,1.4182,-0.0047,0.4405,22.7388,0.0253,0.0223,0.44,43.39,0.17,3.86,1472,0,129.28,206.23,-1.0,-1000.0,-1.0,-1.0,-1,9,-1,0,,-1,-1,,7,1,-3,1
88,1,49,49,576.3271,-218.2615,3.5511,2.0253,4.1111,22.6936,1.4357,-0.0083,0.44,22.7389,0.0273,0.019,0.4397,44.3,0.17,3.86,1472,0,130.19,206.23,-1.0,-1000.0,-1.0,-1.0,-1,9,-1,0,,-1,-1,,7,1,-3,1
88,1,50,50,577.2347,-218.2037,3.5937,2.0253,4.1111,22.6925,1.4531,-0.0115,0.4395,22.739,0.0279,0.0161,0.4394,45.21,0.16,3.86,1472,0,131.10,206.23,-1.0,-1000.0,-1.0,-1.0,-1,9,-1,0,,-1,-1,,7,1,-3,1
88,1,51,51,578.1421,-218.1452,3.6204,2.0253,4.1111,22.6914,1.4705,-0.0145,0.4391,22.739,0.0347,0.0133,0.4392,46.12,0.16,3.86,1472,0,132.01,206.23,-1.0,-1000.0,-1.0,-1.0,-1,9,-1,0,,-1,-1,,7,1,-3,1
88,1,52,52,579.0494,-218.086,3.6418,2.0253,4.1111,22.6903,1.4879,-0.0172,0.4388,22.739,0.0436,0.0107,0.439,47.03,0.16,3.86,1472,0,132.92,206.23,-1.0,-1000.0,-1.0,-1.0,-1,9,-1,0,,-1,-1,,7,1,-3,1
88,1,53,53,579.957,-218.0261,3.6472,2.0253,4.1111,22.6892,1.5052,-0.0197,0.4385,22.739,0.0589,0.0082,0.4389,47.94,0.16,3.86,1472,0,133.83,206.23,-1.0,-1000.0,-1.0,-1.0,-1,9,-1,0,,-1,-1,,7,1,-3,1
88,1,54,54,580.8646,-217.9656,3.6531,2.0253,4.1111,22.6879,1.5226,-0.022,0.4383,22.7388,0.074,0.0059,0.4388,48.85,0.16,3.86,1472,0,134.74,206.23,-1.0,-1000.0,-1.0,-1.0,-1,9,-1,0,,-1,-1,,7,1,-3,1
88,1,55,55,581.7723,-217.9045,3.6614,2.0253,4.1111,22.6864,1.5401,-0.0242,0.4382,22.7384,0.0882,0.0039,0.4388,49.75,0.16,3.87,1472,0,135.65,206.23,-1.0,-1000.0,-1.0,-1.0,-1,9,-1,0,,-1,-1,,7,1,-3,1
88,1,56,56,582.6798,-217.8426,3.6361,2.0253,4.1111,22.6848,1.5575,-0.026,0.4381,22.7379,0.1157,0.0018,0.4389,50.66,0.16,3.87,1472,0,136.56,206.23,-1.0,-1000.0,-1.0,-1.0,-1,9,-1,0,,-1,-1,,7,1,-3,1
88,1,57,57,583.5872,-217.78,3.6146,2.0253,4.1111,22.6831,1.575,-0.0277,0.438,22.7373,0.1418,0.0,0.4389,51.57,0.16,3.87,1472,0,137.47,206.23,-1.0,-1000.0,-1.0,-1.0,-1,9,-1,0,,-1,-1,,7,1,-3,1
88,1,58,58,584.4946,-217.7168,3.5991,2.0253,4.1111,22.6814,1.5925,-0.029,0.438,22.7366,0.1655,-0.0015,0.4389,52.48,0.16,3.87,1472,0,138.38,206.23,-1.0,-1000.0,-1.0,-1.0,-1,9,-1,0,,-1,-1,,7,1,-3,1
88,1,59,59,585.4019,-217.6528,3.5955,2.0253,4.1111,22.6795,1.61,-0.0301,0.4379,22.7359,0.1846,-0.0026,0.4389,53.39,0.16,3.87,1472,0,139.29,206.23,-1.0,-1000.0,-1.0,-1.0,-1,9,-1,0,,-1,-1,,7,1,-3,1
88,1,60,60,586.3088,-217.588,3.5939,2.0253,4.1111,22.6777,1.6275,-0.0309,0.4378,22.7351,0.2028,-0.0034,0.4389,54.3,0.17,3.87,1472,0,140.19,206.23,-1.0,-1000.0,-1.0,-1.0,-1,9,-1,0,,-1,-1,,7,1,-3,1
88,1,61,61,587.2156,-217.5225,3.5793,2.0253,4.1111,22.676,1.645,-0.0315,0.4378,22.7345,0.2261,-0.0042,0.4389,55.21,0.17,3.87,1472,0,141.10,206.23,-1.0,-1000.0,-1.0,-1.0,-1,9,-1,0,,-1,-1,,7,1,-3,1
88,1,62,62,588.1224,-217.4563,3.5432,2.0253,4.1111,22.6743,1.6625,-0.032,0.4378,22.7337,0.258,-0.0049,0.4389,56.12,0.18,3.87,1472,0,142.01,206.23,-1.0,-1000.0,-1.0,-1.0,-1,9,-1,3,0,-1,-1,,7,1,-3,1
88,1,63,63,589.0292,-217.3895,3.5063,2.0253,4.1111,22.6727,1.6799,-0.0323,0.4377,22.733,0.2902,-0.0054,0.4389,57.03,0.18,3.87,1472,0,142.92,206.23,-1.0,-1000.0,-1.0,-1.0,-1,9,-1,3,0,-1,-1,,7,1,-3,1
88,1,64,64,589.936,-217.322,3.489,2.0253,4.1111,22.6711,1.6974,-0.0324,0.4377,22.7324,0.3146,-0.0057,0.4389,57.94,0.19,3.87,1472,0,143.83,206.23,-1.0,-1000.0,-1.0,-1.0,-1,9,-1,3,0,-1,-1,,7,1,-3,1
88,1,65,65,590.8425,-217.2538,3.4811,2.0253,4.1111,22.6696,1.7149,-0.0325,0.4377,22.7319,0.3353,-0.0058,0.4389,58.85,0.20,3.87,1472,0,144.74,206.23,-1.0,-1000.0,-1.0,-1.0,-1,9,-1,3,0,-1,-1,,7,1,-3,1
88,2,0,0,367.3498,-214.5062,354.0365,3.5766,17.2532,24.5467,-2.5641,0.3917,0.3935,24.6803,-0.0,0.3487,0.432,0.0,-0.56,3.81,1463,0,140.02,191.65,154.24,2.41,6.24,63.95,1,11,5,10,,-1,8,,0,4,-3,9
88,2,1,1,368.3307,-214.6082,354.0762,3.5766,17.2532,24.5635,-2.5487,0.3916,0.394,24.6954,-0.0,0.3488,0.4323,0.98,-0.56,3.81,1463,0,141.00,191.65,154.14,2.4,6.24,63.99,1,11,5,10,,-1,8,,0,4,-3,9
88,2,2,2,369.3125,-214.7096,354.1158,3.5766,17.2532,24.5807,-2.5333,0.391,0.3947,24.7109,-0.0,0.3485,0.4327,1.97,-0.56,3.81,1463,0,141.99,191.65,154.04,2.4,6.23,64.03,1,11,5,10,,-1,8,,0,4,-3,9
88,2,3,3,370.2951,-214.8104,354.1553,3.5766,17.2532,24.5983,-2.518,0.3897,0.3955,24.7268,-0.0,0.3474,0.4332,2.96,-0.56,3.81,1463,0,142.98,191.65,153.95,2.4,6.22,64.07,1,11,5,10,,-1,8,,0,4,-3,9
88,2,4,4,371.2788,-214.9107,354.1947,3.5766,17.2532,24.616,-2.5027,0.3876,0.3966,24.7429,-0.0,0.3455,0.4338,3.94,-0.56,3.81,1463,0,143.97,191.65,153.85,2.39,6.21,64.11,1,11,5,10,,-1,8,,0,4,-3,9
88,2,5,5,372.2635,-215.0103,354.234,3.5766,17.2532,24.6337,-2.4874,0.3846,0.3979,24.759,-0.0,0.3427,0.4345,4.93,-0.56,3.81,1463,0,144.96,191.65,153.76,2.39,6.21,64.15,1,11,5,10,,-1,8,,0,4,-3,9
88,2,6,6,373.249,-215.1094,354.2733,3.5766,17.2532,24.6514,-2.4721,0.3807,0.3994,24.7751,-0.0,0.339,0.4354,5.92,-0.55,3.82,1463,0,145.95,191.65,153.67,2.39,6.2,64.19,1,11,5,10,,-1,8,,0,4,-3,9
88,2,7,7,374.2353,-215.2079,354.3127,3.5766,17.2532,24.669,-2.4568,0.3759,0.4012,24.791,-0.0,0.3343,0.4364,6.92,-0.55,3.83,1463,0,146.94,191.65,153.57,2.39,6.19,64.24,1,11,5,10,,-1,8,,0,4,-3,9
88,2,8,8,375.2223,-215.3059,354.3521,3.5766,17.2532,24.6864,-2.4414,0.3702,0.4032,24.8068,-0.0,0.3287,0.4377,7.91,-0.54,3.85,1463,0,147.93,191.65,153.47,2.38,6.18,64.29,1,11,5,10,,-1,8,,0,4,-3,9
88,2,9,9,376.2102,-215.4033,354.3916,3.5766,17.2532,24.7035,-2.4258,0.3635,0.4055,24.8223,-0.0,0.3222,0.439,8.9,-0.54,3.87,1463,0,148.92,191.65,153.38,2.38,6.17,64.34,1,11,5,10,,-1,8,,0,4,-3,9
88,2,10,10,377.1988,-215.5002,354.4315,3.5766,17.2532,24.7202,-2.4101,0.3559,0.4079,24.8374,-0.0,0.3147,0.4406,9.89,-0.53,3.89,1463,0,149.92,191.65,153.28,2.38,6.17,64.4,1,11,5,10,,-1,8,,0,4,-3,9
88,2,11,11,378.188,-215.5964,354.4715,3.5766,17.2532,24.7366,-2.3943,0.3475,0.4106,24.8523,-0.0,0.3063,0.4422,10.89,-0.53,3.90,1463,0,150.90,191.65,153.2,2.37,6.16,64.46,1,11,5,10,,-1,8,,0,4,-3,9
88,2,12,12,379.1781,-215.6919,354.5116,3.5766,17.2532,24.7526,-2.3783,0.3382,0.4135,24.8666,-0.0,0.2971,0.444,11.88,-0.54,3.92,1463,0,151.90,191.65,153.1,2.37,6.15,64.52,1,11,5,10,,-1,8,,0,4,-3,9
88,2,13,13,380.1688,-215.7868,354.5519,3.5766,17.2532,24.768,-2.3622,0.3281,0.4166,24.8804,-0.0,0.2871,0.4458,12.88,-0.55,3.94,1463,0,152.89,191.65,153.01,2.36,6.14,64.58,1,11,5,10,,-1,8,,0,4,-3,9
88,2,14,14,381.1601,-215.881,354.5925,3.5766,17.2532,24.7829,-2.346,0.3173,0.4198,24.8937,-0.0,0.2763,0.4478,13.87,-0.56,3.96,1463,0,153.89,191.65,152.91,2.36,6.14,64.63,1,11,5,10,,-1,8,,0,4,-3,9
88,2,15,15,382.1522,-215.9746,354.6332,3.5766,17.2532,24.7972,-2.3295,0.3058,0.4232,24.9064,-0.0,0.2648,0.4499,14.87,-0.57,3.97,1463,0,154.88,191.65,152.82,2.36,6.13,64.68,1,8,5,10,,-1,-1,,0,4,-3,9
88,2,16,16,383.1448,-216.0675,354.6741,3.5766,17.2532,24.8108,-2.313,0.2937,0.4267,24.9184,-0.0,0.2528,0.4521,15.87,-0.57,3.98,1463,0,155.88,191.65,152.72,2.35,6.12,64.74,1,8,5,10,,-1,-1,,0,4,-3,9
88,2,17,17,384.1379,-216.1597,354.7151,3.5766,17.2532,24.8238,-2.2962,0.281,0.4303,24.9298,-0.0,0.2402,0.4544,16.86,-0.58,3.98,1463,0,156.88,191.65,152.63,2.35,6.12,64.79,1,8,5,10,,-1,-1,,0,4,-3,9
88,2,18,18,385.1317,-216.2512,354.7563,3.5766,17.2532,24.836,-2.2793,0.268,0.4341,24.9404,-0.0,0.2272,0.4568,17.86,-0.59,3.99,1463,0,157.88,191.65,152.54,2.35,6.11,64.83,1,8,5,10,,-1,-1,,0,4,-3,9
88,2,19,19,386.1261,-216.3421,354.7977,3.5766,17.2532,24.8474,-2.2623,0.2546,0.438,24.9501,-0.0,0.2138,0.4593,18.86,-0.59,3.99,1463,0,158.87,191.65,152.44,2.34,6.11,64.88,1,8,5,10,,-1,-1,,0,4,-3,9
88,2,20,20,387.1211,-216.4322,354.8392,3.5766,17.2532,24.8578,-2.2451,0.241,0.4421,24.959,-0.0,0.2003,0.462,19.86,-0.59,3.99,1463,0,159.87,191.65,152.35,2.34,6.1,64.92,1,8,5,10,,-1,-1,,0,4,-3,9
88,2,21,21,388.1163,-216.5215,354.8807,3.5766,17.2532,24.8675,-2.2278,0.2274,0.4463,24.9671,-0.0,0.1867,0.4648,20.86,-0.59,4.00,1463,0,160.88,191.65,152.25,2.34,6.09,64.97,1,8,5,10,,-1,-1,,0,4,-3,9
88,2,22,22,389.1119,-216.6102,354.9225,3.5766,17.2532,24.8763,-2.2103,0.2139,0.4506,24.9743,-0.0,0.1731,0.4678,21.86,-0.59,4.00,1463,0,161.87,191.65,152.16,2.33,6.09,65.03,1,8,5,10,,-1,-1,,0,4,-3,9
88,2,23,23,390.1077,-216.6983,354.9644,3.5766,17.2532,24.8844,-2.1927,0.2004,0.4551,24.9808,-0.0,0.1597,0.4709,22.86,-0.59,4.01,1463,0,162.87,191.65,152.06,2.33,6.08,65.09,1,8,5,10,,-1,-1,,0,4,-3,9
88,2,24,24,391.1036,-216.7857,355.0066,3.5766,17.2532,24.8918,-2.1749,0.1872,0.4597,24.9866,-0.0,0.1465,0.4743,23.86,-0.58,4.01,1463,0,163.87,191.65,151.97,2.33,6.08,65.15,1,8,5,10,,-1,-1,,0,4,-3,9
88,2,25,25,392.0997,-216.8724,355.0492,3.5766,17.2532,24.8985,-2.1568,0.1743,0.4645,24.9917,-0.0,0.1336,0.4778,24.86,-0.58,4.02,1463,0,164.87,191.65,151.88,2.32,6.07,65.21,1,8,5,10,,-1,-1,,0,4,-3,9
88,2,26,26,393.0961,-216.9586,355.0924,3.5766,17.2532,24.9046,-2.1384,0.1617,0.4694,24.9962,-0.0,0.121,0.4815,25.86,-0.58,4.03,1463,0,165.87,191.65,151.79,2.32,6.07,65.28,1,8,5,10,,-1,-1,,0,4,-3,9
88,2,27,27,394.0926,-217.044,355.1361,3.5766,17.2532,24.9101,-2.1197,0.1495,0.4744,25.0001,-0.0,0.1088,0.4853,26.86,-0.58,4.03,1463,0,166.87,191.65,151.7,2.32,6.06,65.35,1,8,5,10,,-1,-1,,0,4,-3,9
88,2,28,28,395.0894,-217.1287,355.1803,3.5766,17.2532,24.915,-2.1008,0.1377,0.4793,25.0034,-0.0,0.0969,0.4892,27.86,-0.59,4.02,1463,0,167.87,191.65,151.61,2.31,6.06,65.42,1,8,5,10,,-1,-1,,0,4,-3,9
88,2,29,29,396.0863,-217.2125,355.2251,3.5766,17.2532,24.9194,-2.0816,0.1263,0.4843,25.0061,-0.0,0.0856,0.4931,28.86,-0.60,4.02,1463,0,168.87,191.65,151.51,2.31,6.05,65.49,1,8,5,10,,-1,-1,,0,4,-3,9
88,2,30,30,397.0832,-217.2956,355.2704,3.5766,17.2532,24.9233,-2.062,0.1154,0.4892,25.0084,-0.0,0.0747,0.4971,29.86,-0.61,4.01,1463,0,169.87,191.65,151.42,2.3,6.05,65.56,1,8,5,10,,-1,-1,,0,4,-3,9
88,2,31,31,398.0805,-217.3781,355.3165,3.5766,17.2532,24.9266,-2.0421,0.105,0.494,25.0101,-0.0,0.0643,0.501,30.86,-0.61,4.01,1463,0,170.87,191.65,151.33,2.3,6.05,65.63,1,8,5,10,,-1,-1,,0,4,-3,9
88,2,32,32,399.0778,-217.4599,355.3633,3.5766,17.2532,24.9295,-2.0219,0.0951,0.4987,25.0114,-0.0,0.0545,0.5048,31.86,-0.61,4.00,1463,0,171.87,191.65,151.24,2.3,6.04,65.71,1,8,5,10,,-1,-1,,0,4,-3,9
88,2,33,33,400.0752,-217.5408,355.4108,3.5766,17.2532,24.9319,-2.0012,0.0857,0.5031,25.0121,-0.0,0.0452,0.5084,32.86,-0.61,4.00,1463,0,172.87,191.65,151.14,2.29,6.04,65.78,1,8,5,10,,-1,-1,,0,4,-3,9
88,2,34,34,401.0728,-217.6207,355.459,3.5766,17.2532,24.9339,-1.9803,0.0769,0.5072,25.0124,-0.0,0.0365,0.5117,33.86,-0.61,3.99,1463,0,173.87,191.65,151.05,2.29,6.03,65.86,1,8,5,10,,-1,-1,,0,4,-3,9
88,2,35,35,402.0705,-217.6998,355.5076,3.5766,17.2532,24.9353,-1.9591,0.0687,0.511,25.0122,-0.0,0.0285,0.5148,34.86,-0.61,3.99,1463,0,174.87,191.65,150.96,2.28,6.03,65.93,1,8,5,10,,-1,-1,,0,4,-3,9
88,2,36,36,403.0682,-217.7779,355.5567,3.5766,17.2532,24.9364,-1.9377,0.0612,0.5144,25.0116,-0.0,0.0212,0.5176,35.86,-0.61,3.98,1463,0,175.87,191.65,150.87,2.28,6.03,66.01,1,8,5,10,,-1,-1,,0,4,-3,9
88,2,37,37,404.0657,-217.8552,355.6063,3.5766,17.2532,24.9372,-1.9161,0.0544,0.5174,25.0107,-0.0,0.0146,0.5201,36.86,-0.60,3.98,1463,0,176.87,191.65,150.78,2.28,6.02,66.08,1,8,5,10,,-1,-1,,0,4,-3,9
88,2,38,38,405.0632,-217.9316,355.6562,3.5766,17.2532,24.9376,-1.8942,0.0482,0.52,25.0095,-0.0,0.0087,0.5222,37.86,-0.60,3.97,1463,0,177.88,191.65,150.69,2.27,6.02,66.14,1,8,5,10,,-1,-1,,0,4,-3,9
88,2,39,39,406.0609,-218.0071,355.7064,3.5766,17.2532,24.9378,-1.8723,0.0427,0.5221,25.008,-0.0,0.0035,0.5238,38.87,-0.59,3.97,1463,0,178.88,191.65,150.6,2.27,6.02,66.2,1,8,5,10,,-1,-1,,0,5,-3,9
88,2,40,40,407.0584,-218.0816,355.7569,3.5766,17.2532,24.9378,-1.8502,0.0379,0.5237,25.0064,-0.0,-0.001,0.5251,39.87,-0.58,3.95,1463,0,179.88,191.65,150.51,2.27,6.01,66.25,1,8,5,10,,-1,-1,,0,5,-3,9
88,2,41,41,408.056,-218.1552,355.8075,3.5766,17.2532,24.9376,-1.828,0.0338,0.5249,25.0045,-0.0,-0.0047,0.526,40.87,-0.57,3.93,1463,0,180.88,191.65,150.42,2.26,6.01,66.3,1,8,5,10,,-1,-1,,0,5,-3,9
88,2,42,42,409.0535,-218.228,355.8582,3.5766,17.2532,24.9372,-1.8058,0.0304,0.5256,25.0025,-0.0,-0.0076,0.5264,41.87,-0.56,3.91,1463,0,181.88,191.65,150.33,2.26,6.01,66.34,1,8,5,10,,-1,-1,,0,5,-3,9
88,2,43,43,410.0509,-218.2999,355.9091,3.5766,17.2532,24.9368,-1.7835,0.0277,0.5257,25.0005,-0.0,-0.0099,0.5263,42.87,-0.56,3.90,1463,0,182.87,191.65,150.25,2.26,6.0,66.39,1,8,5,10,,-1,-1,,0,5,-3,9
88,2,44,44,411.0481,-218.3709,355.9601,3.5766,17.2532,24.9363,-1.7612,0.0256,0.5254,24.9984,-0.0,-0.0115,0.5259,43.87,-0.57,3.88,1463,0,183.87,191.65,150.16,2.26,6.0,66.42,1,8,5,10,,-1,-1,,0,5,-3,9
88,2,45,45,412.0451,-218.4408,356.0109,3.5766,17.2532,24.936,-1.7389,0.0241,0.5245,24.9965,-0.0,-0.0124,0.5249,44.87,-0.57,3.86,1463,0,184.87,191.65,150.07,2.25,6.0,66.44,1,8,5,10,,-1,-1,,0,5,-3,9
88,2,46,46,413.042,-218.5098,356.0616,3.5766,17.2532,24.9358,-1.7167,0.0231,0.5231,24.9948,-0.0,-0.0129,0.5235,45.86,-0.58,3.84,1463,0,185.86,191.65,149.98,2.25,6.0,66.46,1,8,5,10,,-1,-1,,0,5,-3,9
88,2,47,47,414.0389,-218.5778,356.112,3.5766,17.2532,24.9358,-1.6947,0.0225,0.5213,24.9933,-0.0,-0.0129,0.5217,46.86,-0.58,3.84,1463,0,186.86,191.65,149.89,2.25,5.99,66.47,1,8,5,10,,-1,-1,,0,5,-3,9
88,2,48,48,415.0356,-218.6449,356.1619,3.5766,17.2532,24.9361,-1.6729,0.0223,0.5191,24.9921,-0.0,-0.0125,0.5194,47.86,-0.59,3.84,1463,0,187.86,191.65,149.8,2.25,5.99,66.48,1,8,5,10,,-1,-1,,0,5,-3,9
88,2,49,49,416.0325,-218.711,356.2114,3.5766,17.2532,24.9366,-1.6513,0.0222,0.5165,24.9912,-0.0,-0.012,0.5169,48.86,-0.59,3.84,1463,0,188.86,191.65,149.71,2.25,5.99,66.47,1,8,5,10,,-1,-1,,0,5,-3,9
88,2,50,50,417.0296,-218.7762,356.2602,3.5766,17.2532,24.9372,-1.63,0.0223,0.5136,24.9904,-0.0,-0.0113,0.514,49.86,-0.59,3.83,1463,0,189.86,191.65,149.62,2.25,5.98,66.45,1,8,5,10,,-1,-1,,0,5,-3,9
88,2,51,51,418.0267,-218.8405,356.3084,3.5766,17.2532,24.938,-1.609,0.0224,0.5105,24.9898,-0.0,-0.0105,0.5109,50.86,-0.59,3.83,1463,0,190.86,191.65,149.53,2.25,5.98,66.43,1,8,5,10,,-1,-1,,0,5,-3,9
88,2,52,52,419.0241,-218.9039,356.3558,3.5766,17.2532,24.9388,-1.5883,0.0226,0.5073,24.9893,-0.0,-0.0097,0.5077,51.86,-0.59,3.83,1467,0,0.20,27.40,149.44,2.25,5.98,66.41,1,8,5,10,,-1,-1,,0,5,-3,9
88,2,53,53,420.0215,-218.9665,356.4024,3.5766,17.2532,24.9398,-1.568,0.0228,0.504,24.989,-0.0,-0.0089,0.5045,52.86,-0.59,3.83,1467,0,1.20,27.40,149.35,2.25,5.97,66.37,1,8,5,10,,-1,-1,,0,5,-3,9
88,2,54,54,421.0189,-219.0284,356.4484,3.5766,17.2532,24.9408,-1.548,0.0229,0.5008,24.9888,-0.0,-0.0082,0.5012,53.86,-0.59,3.83,1467,0,2.20,27.40,149.26,2.25,5.97,66.33,1,8,5,10,,-1,-1,,0,5,-3,9
88,2,55,55,422.0167,-219.0897,356.4938,3.5766,17.2532,24.9417,-1.5282,0.023,0.4976,24.9885,-0.0,-0.0074,0.498,54.86,-0.59,3.83,1467,0,3.20,27.40,149.17,2.25,5.96,66.29,1,8,5,10,,-1,-1,,0,5,-3,9
88,2,56,56,423.0142,-219.1502,356.5388,3.5766,17.2532,24.9428,-1.5086,0.0231,0.4945,24.9884,-0.0,-0.0068,0.495,55.86,-0.59,3.83,1467,0,4.20,27.40,149.08,2.25,5.96,66.24,1,8,5,10,,-1,-1,,0,5,-3,9
88,2,57,57,424.0121,-219.2101,356.5834,3.5766,17.2532,24.9438,-1.4892,0.0232,0.4915,24.9882,-0.0,-0.0062,0.492,56.86,-0.59,3.83,1467,0,5.20,27.40,148.99,2.25,5.96,66.19,1,8,5,10,,-1,-1,,0,5,-3,9
88,2,58,58,425.0098,-219.2692,356.6276,3.5766,17.2532,24.9448,-1.4699,0.0232,0.4887,24.988,-0.0,-0.0056,0.4892,57.86,-0.59,3.83,1467,0,6.20,27.40,148.9,2.25,5.95,66.13,1,8,5,10,,-1,-1,,0,5,-3,9
88,2,59,59,426.0075,-219.3274,356.6715,3.5766,17.2532,24.9458,-1.4508,0.0231,0.4861,24.988,-0.0,-0.0051,0.4866,58.86,-0.59,3.83,1467,0,7.20,27.40,148.81,2.25,5.95,66.07,1,8,5,10,,-1,-1,,0,5,-3,9
88,2,60,60,427.0054,-219.385,356.715,3.5766,17.2532,24.9468,-1.4319,0.0231,0.4837,24.9879,-0.0,-0.0047,0.4842,59.86,-0.59,3.83,1467,0,8.19,27.40,148.72,2.25,5.95,66.01,1,8,5,10,,-1,-1,,0,5,-3,9
88,2,61,61,428.0031,-219.442,356.7585,3.5766,17.2532,24.9479,-1.4129,0.023,0.4814,24.9879,-0.0,-0.0043,0.4819,60.85,-0.59,3.83,1467,0,9.19,27.40,148.63,2.25,5.94,65.96,1,8,5,10,,-1,-1,,0,5,-3,9
88,2,62,62,429.001,-219.4985,356.8021,3.5766,17.2532,24.9491,-1.394,0.0228,0.4793,24.988,-0.0,-0.004,0.4798,61.85,-0.58,3.83,1467,0,10.19,27.40,148.54,2.25,5.94,65.89,1,8,5,10,,-1,-1,,0,5,-3,9
88,2,63,63,429.9988,-219.5542,356.8458,3.5766,17.2532,24.9502,-1.3749,0.0225,0.4772,24.9881,-0.0,-0.0038,0.4778,62.85,-0.58,3.83,1467,0,11.19,27.40,148.45,2.25,5.94,65.83,1,8,5,10,,-1,-1,,0,5,-3,9
88,2,64,64,430.9966,-219.6092,356.8897,3.5766,17.2532,24.9515,-1.3558,0.0221,0.4752,24.9883,-0.0,-0.0037,0.4757,63.85,-0.57,3.83,1467,0,12.19,27.40,148.36,2.25,5.93,65.76,1,8,5,10,,-1,-1,,0,5,-3,9
88,2,65,65,431.9948,-219.6636,356.9338,3.5766,17.2532,24.9527,-1.3366,0.0215,0.4732,24.9885,-0.0,-0.0038,0.4737,64.85,-0.57;1.60,3.83;3.30,1467;1513,0,13.19;13.52,27.40;27.71,148.27,2.25,5.93,65.7,1,8,5,10,,-1,-1,,0,5,-3,9
88,3,0,0,297.954,-204.915,350.4775,3.4178,17.5932,22.8657,-3.8357,0.3914,0.4932,23.1852,-0.0,0.3044,0.5512,0.0,-0.35,3.97,1463,0,69.98,191.65,52.61,-1.5,2.26,-1.0,9,-1,5,10,,8,-1,,0,4,-3,11
88,3,1,1,298.8677,-205.0679,350.5317,3.4178,17.5932,22.8824,-3.8162,0.3914,0.4939,23.1984,-0.0,0.3048,0.5515,0.92,-0.34,3.97,1463,0,70.90,191.65,52.67,-1.5,2.27,-1.0,9,-1,5,10,,8,-1,,0,4,-3,11
88,3,2,2,299.7825,-205.2201,350.586,3.4178,17.5932,22.8994,-3.7967,0.3909,0.4946,23.212,-0.0,0.3047,0.5519,1.85,-0.34,3.97,1463,0,71.83,191.65,52.73,-1.5,2.27,-1.0,9,-1,5,10,,8,-1,,0,4,-3,11
88,3,3,3,300.6981,-205.3714,350.6403,3.4178,17.5932,22.9167,-3.7773,0.3898,0.4955,23.2259,-0.0,0.304,0.5523,2.78,-0.34,3.97,1463,0,72.76,191.65,52.79,-1.51,2.27,-1.0,9,-1,5,10,,8,-1,,0,4,-3,11
88,3,4,4,301.6145,-205.5222,350.6948,3.4178,17.5932,22.9341,-3.7577,0.388,0.4965,23.2399,-0.0,0.3026,0.5527,3.71,-0.33,3.97,1463,0,73.69,191.65,52.85,-1.51,2.27,-1.0,9,-1,5,10,,8,-1,,0,4,-3,11
88,3,5,5,302.5319,-205.6723,350.7495,3.4178,17.5932,22.9516,-3.7381,0.3854,0.4976,23.2541,-0.0,0.3004,0.5531,4.64,-0.32,3.97,1463,0,74.62,191.65,52.91,-1.51,2.27,-1.0,9,-1,5,10,,8,-1,,0,4,-3,11
88,3,6,6,303.45,-205.8217,350.8045,3.4178,17.5932,22.9692,-3.7183,0.382,0.4988,23.2682,-0.0,0.2974,0.5535,5.57,-0.32,3.98,1463,0,75.55,191.65,52.97,-1.51,2.27,-1.0,9,-1,5,10,,8,-1,,0,4,-3,11
88,3,7,7,304.369,-205.9703,350.8598,3.4178,17.5932,22.9866,-3.6984,0.3777,0.5,23.2822,-0.0,0.2935,0.5537,6.5,-0.31,4.00,1463,0,76.48,191.65,53.03,-1.51,2.27,-1.0,9,-1,5,10,,8,-1,,0,4,-3,11
88,3,8,8,305.2886,-206.1182,350.9154,3.4178,17.5932,23.0039,-3.6783,0.3726,0.5012,23.2961,-0.0,0.2888,0.5538,7.43,-0.31,4.02,1463,0,77.41,191.65,53.1,-1.52,2.27,-1.0,9,-1,5,10,,8,-1,,0,4,-3,11
88,3,9,9,306.209,-206.2653,350.9714,3.4178,17.5932,23.021,-3.658,0.3666,0.5023,23.3098,-0.0,0.2833,0.5537,8.36,-0.32,4.04,1463,0,78.34,191.65,53.16,-1.52,2.28,-1.0,9,-1,5,10,,8,-1,,0,4,-3,11
88,3,10,10,307.1303,-206.4113,351.0274,3.4178,17.5932,23.0378,-3.6375,0.3598,0.5033,23.3232,-0.0,0.2769,0.5533,9.29,-0.32,4.04,1463,0,79.27,191.65,53.22,-1.52,2.28,-1.0,9,-1,5,10,,8,-1,,0,4,-3,11
88,3,11,11,308.0526,-206.5565,351.0833,3.4178,17.5932,23.0541,-3.617,0.3521,0.5042,23.3361,-0.0,0.2697,0.5527,10.23,-0.33,4.03,1463,0,80.20,191.65,53.27,-1.52,2.28,-1.0,9,-1,5,10,,8,-1,,0,4,-3,11
88,3,12,12,308.9755,-206.7009,351.1392,3.4178,17.5932,23.0699,-3.5965,0.3437,0.5049,23.3486,-0.0,0.2618,0.5518,11.16,-0.33,4.03,1463,0,81.14,191.65,53.33,-1.52,2.28,-1.0,9,-1,5,10,,8,-1,,0,4,-3,11
88,3,13,13,309.899,-206.8446,351.1951,3.4178,17.5932,23.0852,-3.5758,0.3347,0.5055,23.3605,-0.0,0.2533,0.5507,12.09,-0.34,4.02,1463,0,82.07,191.65,53.39,-1.52,2.28,-1.0,9,-1,5,10,,8,-1,,0,4,-3,11
88,3,14,14,310.8232,-206.9875,351.2511,3.4178,17.5932,23.1,-3.555,0.325,0.5058,23.372,-0.0,0.2443,0.5493,13.03,-0.34,4.02,1463,0,83.01,191.65,53.45,-1.53,2.28,-1.0,9,-1,5,10,,8,-1,,0,4,-3,11
88,3,15,15,311.7479,-207.1297,351.3072,3.4178,17.5932,23.1142,-3.534,0.3148,0.5058,23.3828,-0.0,0.2348,0.5476,13.97,-0.34,4.01,1463,0,83.94,191.65,42.23,-1.24,1.8,-1.0,8,-1,5,10,,-1,-1,,0,4,-3,11
88,3,16,16,312.6734,-207.2711,351.3635,3.4178,17.5932,23.1277,-3.5128,0.3042,0.5055,23.393,-0.0,0.2249,0.5455,14.9,-0.35,4.01,1463,0,84.88,191.65,42.28,-1.27,1.8,-1.0,8,-1,5,10,,-1,-1,,0,4,-3,11
88,3,17,17,313.5993,-207.4116,351.4199,3.4178,17.5932,23.1406,-3.4915,0.2933,0.5048,23.4025,-0.0,0.2147,0.5429,15.84,-0.36,4.00,1463,0,85.81,191.65,42.33,-1.3,1.8,-1.0,8,-1,5,10,,-1,-1,,0,4,-3,11
88,3,18,18,314.5255,-207.5512,351.4762,3.4178,17.5932,23.1529,-3.4701,0.2821,0.5036,23.4115,-0.0,0.2044,0.5399,16.78,-0.36,4.00,1463,0,86.75,191.65,42.38,-1.34,1.81,-1.0,8,-1,5,10,,-1,-1,,0,4,-3,11
88,3,19,19,315.4524,-207.6899,351.5324,3.4178,17.5932,23.1646,-3.4486,0.2708,0.5019,23.4198,-0.0,0.1939,0.5363,17.71,-0.36,3.99,1463,0,87.69,191.65,42.44,-1.37,1.81,-1.0,8,-1,5,10,,-1,-1,,0,4,-3,11
88,3,20,20,316.3797,-207.8276,351.5884,3.4178,17.5932,23.1755,-3.427,0.2593,0.4997,23.4275,-0.0,0.1834,0.5322,18.65,-0.36,3.99,1463,0,88.63,191.65,42.49,-1.4,1.81,-1.0,8,-1,5,10,,-1,-1,,0,4,-3,11
88,3,21,21,317.3074,-207.9645,351.6441,3.4178,17.5932,23.1858,-3.4056,0.2478,0.4968,23.4346,-0.0,0.173,0.5276,19.59,-0.37,3.99,1463,0,89.56,191.65,42.55,-1.43,1.81,-1.0,8,-1,5,10,,-1,-1,,0,4,-3,11
88,3,22,22,318.2355,-208.1003,351.6992,3.4178,17.5932,23.1955,-3.3842,0.2364,0.4934,23.4411,-0.0,0.1627,0.5224,20.53,-0.37,3.99,1463,0,90.50,191.65,42.6,-1.46,1.81,-1.0,8,-1,5,10,,-1,-1,,0,4,-3,11
88,3,23,23,319.1638,-208.2351,351.7536,3.4178,17.5932,23.2046,-3.363,0.2251,0.4894,23.4471,-0.0,0.1526,0.5166,21.46,-0.36,3.98,1463,0,91.44,191.65,42.66,-1.49,1.81,-1.0,8,-1,5,10,,-1,-1,,0,4,-3,11
88,3,24,24,320.0925,-208.3692,351.8073,3.4178,17.5932,23.2132,-3.342,0.2139,0.4848,23.4525,-0.0,0.1427,0.5103,22.4,-0.36,3.98,1463,0,92.38,191.65,42.72,-1.53,1.82,-1.0,8,-1,5,10,,-1,-1,,0,4,-3,11
88,3,25,25,321.0212,-208.5024,351.8603,3.4178,17.5932,23.2213,-3.3213,0.203,0.4797,23.4576,-0.0,0.133,0.5036,23.34,-0.36,3.98,1463,0,93.32,191.65,42.78,-1.56,1.82,-1.0,8,-1,5,10,,-1,-1,,0,4,-3,11
88,3,26,26,321.9501,-208.6346,351.9125,3.4178,17.5932,23.229,-3.3008,0.1922,0.474,23.4623,-0.0,0.1236,0.4963,24.28,-0.35,3.98,1463,0,94.25,191.65,42.84,-1.59,1.82,-1.0,8,-1,5,10,,-1,-1,,0,4,-3,11
88,3,27,27,322.8792,-208.7659,351.9636,3.4178,17.5932,23.2363,-3.2807,0.1815,0.4678,23.4668,-0.0,0.1144,0.4886,25.22,-0.34,3.97,1463,0,95.19,191.65,42.91,-1.62,1.82,-1.0,8,-1,5,10,,-1,-1,,0,4,-3,11
88,3,28,28,323.8086,-208.8964,352.0136,3.4178,17.5932,23.2433,-3.261,0.171,0.4612,23.4709,-0.0,0.1053,0.4805,26.16,-0.34,3.95,1463,0,96.13,191.65,42.95,-1.66,1.83,-1.0,8,-1,5,10,,-1,-1,,0,4,-3,11
88,3,29,29,324.7383,-209.0261,352.0625,3.4178,17.5932,23.25,-3.2417,0.1606,0.4543,23.4749,-0.0,0.0963,0.4721,27.09,-0.33,3.94,1463,0,97.07,191.65,43.01,-1.69,1.83,-1.0,8,-1,5,10,,-1,-1,,0,4,-3,11
88,3,30,30,325.6683,-209.155,352.1102,3.4178,17.5932,23.2562,-3.2229,0.1503,0.447,23.4785,-0.0,0.0875,0.4634,28.03,-0.32,3.92,1463,0,98.01,191.65,43.08,-1.72,1.83,-1.0,8,-1,5,10,,-1,-1,,0,4,-3,11
88,3,31,31,326.5987,-209.2831,352.1566,3.4178,17.5932,23.2621,-3.2045,0.14,0.4395,23.4818,-0.0,0.0787,0.4545,28.97,-0.31,3.91,1463,0,98.95,191.65,43.15,-1.75,1.83,-1.0,8,-1,5,10,,-1,-1,,0,4,-3,11
88,3,32,32,327.5295,-209.4105,352.2016,3.4178,17.5932,23.2674,-3.1866,0.1298,0.4318,23.4846,-0.0,0.07,0.4455,29.91,-0.30,3.89,1463,0,99.89,191.65,43.22,-1.78,1.84,-1.0,8,-1,5,10,,-1,-1,,0,4,-3,11
88,3,33,33,328.4606,-209.5372,352.2454,3.4178,17.5932,23.2722,-3.1691,0.1197,0.4241,23.487,-0.0,0.0614,0.4364,30.85,-0.29,3.88,1463,0,100.83,191.65,43.29,-1.81,1.84,-1.0,8,-1,5,10,,-1,-1,,0,4,-3,11
88,3,34,34,329.3919,-209.6631,352.2877,3.4178,17.5932,23.2765,-3.1522,0.1098,0.4163,23.489,-0.0,0.0529,0.4273,31.79,-0.29,3.87,1463,0,101.76,191.65,43.37,-1.85,1.84,-1.0,8,-1,5,10,,-1,-1,,0,4,-3,11
88,3,35,35,330.3234,-209.7884,352.3286,3.4178,17.5932,23.2803,-3.1358,0.1001,0.4086,23.4905,-0.0,0.0447,0.4183,32.73,-0.29,3.85,1463,0,102.70,191.65,43.44,-1.88,1.84,-1.0,8,-1,5,10,,-1,-1,,0,4,-3,11
88,3,36,36,331.2551,-209.913,352.3682,3.4178,17.5932,23.2835,-3.1199,0.0907,0.401,23.4916,-0.0,0.0367,0.4095,33.67,-0.29,3.84,1463,0,103.64,191.65,43.52,-1.91,1.85,-1.0,8,-1,5,10,,-1,-1,,0,4,-3,11
88,3,37,37,332.1869,-210.0371,352.4064,3.4178,17.5932,23.2861,-3.1044,0.0817,0.3936,23.4922,-0.0,0.029,0.4009,34.61,-0.29,3.82,1463,0,104.58,191.65,43.6,-1.94,1.85,-1.0,8,-1,5,10,,-1,-1,,0,4,-3,11
88,3,38,38,333.1188,-210.1607,352.4435,3.4178,17.5932,23.2883,-3.0893,0.073,0.3864,23.4923,-0.0,0.0216,0.3927,35.55,-0.29,3.81,1463,0,105.52,191.65,43.68,-1.98,1.85,-1.0,8,-1,5,10,,-1,-1,,0,4,-3,11
88,3,39,39,334.0508,-210.2838,352.4796,3.4178,17.5932,23.29,-3.0746,0.0649,0.3795,23.492,-0.0,0.0147,0.3848,36.49,-0.29,3.80,1463,0,106.46,191.65,43.75,-2.01,1.86,-1.0,8,-1,5,10,,-1,-1,,0,4,-3,11
88,3,40,40,334.9827,-210.4063,352.5147,3.4178,17.5932,23.2912,-3.0603,0.0573,0.373,23.4914,-0.0,0.0082,0.3773,37.43,-0.29,3.78,1463,0,107.40,191.65,43.83,-2.04,1.86,-1.0,8,-1,5,10,,-1,-1,,0,4,-3,11
88,3,41,41,335.9146,-210.5283,352.5489,3.4178,17.5932,23.292,-3.0462,0.0502,0.3668,23.4904,-0.0,0.0022,0.3702,38.37,-0.28,3.78,1463,0,108.34,191.65,43.91,-2.08,1.86,-1.0,8,-1,5,10,,-1,-1,,0,4,-3,11
88,3,42,42,336.8466,-210.6497,352.5823,3.4178,17.5932,23.2925,-3.0325,0.0438,0.3609,23.489,-0.0,-0.0032,0.3635,39.31,-0.28,3.78,1463,0,109.28,191.65,43.99,-2.11,1.87,-1.0,8,-1,5,10,,-1,-1,,0,4,-3,11
88,3,43,43,337.7786,-210.7705,352.6148,3.4178,17.5932,23.2926,-3.019,0.038,0.3554,23.4874,-0.0,-0.0081,0.3574,40.25,-0.28,3.79,1463,0,110.22,191.65,44.07,-2.15,1.87,-1.0,8,-1,5,10,,-1,-1,,0,4,-3,11
88,3,44,44,338.7105,-210.8907,352.6464,3.4178,17.5932,23.2924,-3.006,0.0328,0.3504,23.4855,-0.0,-0.0123,0.3517,41.19,-0.27,3.80,1463,0,111.16,191.65,44.15,-2.18,1.88,-1.0,8,-1,5,10,,-1,-1,,0,4,-3,11
88,3,45,45,339.6423,-211.0102,352.677,3.4178,17.5932,23.2919,-2.9933,0.0284,0.3459,23.4835,-0.0,-0.0159,0.3467,42.13,-0.27,3.80,1463,0,112.10,191.65,44.24,-2.21,1.88,-1.0,8,-1,5,10,,-1,-1,,0,4,-3,11
88,3,46,46,340.5741,-211.1293,352.7068,3.4178,17.5932,23.2913,-2.9809,0.0246,0.3419,23.4812,-0.0,-0.019,0.3422,43.07,-0.27,3.81,1463,0,113.04,191.65,44.32,-2.25,1.88,-1.0,8,-1,5,10,,-1,-1,,0,4,-3,11
88,3,47,47,341.5059,-211.2479,352.7358,3.4178,17.5932,23.2904,-2.9688,0.0216,0.3385,23.4788,-0.0,-0.0213,0.3385,44.01,-0.26,3.81,1463,0,113.98,191.65,44.42,-2.28,1.89,-1.0,8,-1,5,10,,-1,-1,,0,4,-3,11
88,3,48,48,342.4375,-211.3662,352.7642,3.4178,17.5932,23.2894,-2.9569,0.0194,0.3357,23.4764,-0.0,-0.0231,0.3355,44.95,-0.26,3.82,1463,0,114.92,191.65,44.51,-2.32,1.89,-1.0,8,-1,5,10,,-1,-1,,0,4,-3,11
88,3,49,49,343.369,-211.484,352.7922,3.4178,17.5932,23.2884,-2.9452,0.0179,0.3337,23.4739,-0.0,-0.0242,0.3333,45.89,-0.26,3.83,1463,0,115.86,191.65,44.6,-2.35,1.9,-1.0,8,-1,5,10,,-1,-1,,0,4,-3,11
88,3,50,50,344.3003,-211.6014,352.8198,3.4178,17.5932,23.2874,-2.9337,0.017,0.3323,23.4714,-0.0,-0.0246,0.3318,46.82,-0.26,3.83,1463,0,116.79,191.65,44.69,-2.39,1.9,-1.0,8,-1,5,10,,-1,-1,,0,4,-3,11
88,3,51,51,345.2316,-211.7185,352.8474,3.4178,17.5932,23.2864,-2.9222,0.0169,0.3317,23.469,-0.0,-0.0245,0.3312,47.76,-0.26,3.84,1463,0,117.73,191.65,44.79,-2.42,1.9,-1.0,8,-1,5,10,,-1,-1,,0,4,-3,11
88,3,52,52,346.1629,-211.8352,352.875,3.4178,17.5932,23.2855,-2.9107,0.0174,0.3318,23.4667,-0.0,-0.0239,0.3314,48.7,-0.26,3.84,1463,0,118.67,191.65,44.88,-2.46,1.91,-1.0,8,-1,5,10,,-1,-1,,0,4,-3,11
88,3,53,53,347.094,-211.9516,352.9029,3.4178,17.5932,23.2848,-2.8991,0.0185,0.3326,23.4646,-0.0,-0.0228,0.3323,49.64,-0.26,3.84,1463,0,119.61,191.65,44.98,-2.49,1.91,-1.0,8,-1,5,10,,-1,-1,,0,4,-3,11
88,3,54,54,348.0249,-212.0675,352.9311,3.4178,17.5932,23.2843,-2.8874,0.0201,0.334,23.4627,-0.0,-0.0212,0.3339,50.58,-0.26,3.83,1463,0,120.55,191.65,45.08,-2.53,1.92,-1.0,8,-1,5,10,,-1,-1,,0,4,-3,11
88,3,55,55,348.9558,-212.183,352.9598,3.4178,17.5932,23.2841,-2.8755,0.0221,0.336,23.461,-0.0,-0.0192,0.3362,51.52,-0.26,3.81,1463,0,121.49,191.65,45.18,-2.56,1.92,-1.0,8,-1,5,10,,-1,-1,,0,4,-3,11
88,3,56,56,349.8868,-212.2981,352.9891,3.4178,17.5932,23.2842,-2.8634,0.0246,0.3386,23.4596,-0.0,-0.0169,0.3391,52.45,-0.25,3.80,1463,0,122.42,191.65,45.28,-2.59,1.93,-1.0,8,-1,5,10,,-1,-1,,0,4,-3,11
88,3,57,57,350.818,-212.4127,353.0191,3.4178,17.5932,23.2843,-2.8511,0.0273,0.3417,23.4582,-0.0,-0.0144,0.3425,53.39,-0.25,3.78,1463,0,123.36,191.65,45.39,-2.63,1.93,-1.0,8,-1,5,10,,-1,-1,,0,4,-3,11
88,3,58,58,351.7492,-212.5268,353.0497,3.4178,17.5932,23.2847,-2.8385,0.0304,0.3453,23.4571,-0.0,-0.0116,0.3465,54.33,-0.27,3.77,1463,0,124.30,191.65,45.49,-2.66,1.93,-1.0,8,-1,5,10,,-1,-1,,0,4,-3,11
88,3,59,59,352.6803,-212.6405,353.0811,3.4178,17.5932,23.2853,-2.8256,0.0337,0.3493,23.4561,-0.0,-0.0086,0.3508,55.27,-0.28,3.75,1463,0,125.24,191.65,45.6,-2.69,1.94,-1.0,8,-1,5,10,,-1,-1,,0,4,-3,11
88,3,60,60,353.6114,-212.7537,353.1135,3.4178,17.5932,23.2862,-2.8124,0.0373,0.3536,23.4554,-0.0,-0.0054,0.3556,56.21,-0.29,3.74,1463,0,126.17,191.65,45.7,-2.72,1.94,-1.0,8,-1,5,10,,-1,-1,,0,4,-3,11
88,3,61,61,354.5427,-212.8662,353.1467,3.4178,17.5932,23.2873,-2.7988,0.041,0.3582,23.4549,-0.0,-0.002,0.3606,57.15,-0.30,3.73,1463,0,127.11,191.65,45.81,-2.76,1.95,-1.0,8,-1,5,10,,-1,-1,,0,4,-3,11
88,3,62,62,355.4739,-212.9781,353.1806,3.4178,17.5932,23.2887,-2.785,0.0448,0.363,23.4546,-0.0,0.0014,0.3658,58.08,-0.31,3.74,1463,0,128.05,191.65,45.92,-2.79,1.95,-1.0,8,-1,5,10,,-1,-1,,0,4,-3,11
88,3,63,63,356.4052,-213.0895,353.2153,3.4178,17.5932,23.2903,-2.7709,0.0488,0.368,23.4546,-0.0,0.005,0.3712,59.02,-0.31,3.74,1463,0,128.99,191.65,46.03,-2.82,1.96,-1.0,8,-1,5,10,,-1,-1,,0,4,-3,11
88,3,64,64,357.3365,-213.2004,353.251,3.4178,17.5932,23.2923,-2.7564,0.0527,0.3731,23.4548,-0.0,0.0085,0.3767,59.96,-0.32,3.75,1463,0,129.92,191.65,46.14,-2.85,1.96,-1.0,8,-1,5,10,,-1,-1,,0,4,-3,11
88,3,65,65,358.268,-213.3107,353.2875,3.4178,17.5932,23.2945,-2.7416,0.0567,0.3783,23.4553,-0.0,0.0121,0.3824,60.9,-0.33,3.75,1463,0,130.86,191.65,46.25,-2.88,1.97,-1.0,8,-1,5,10,,-1,-1,,0,4,-3,11
